No.,Date,Account,Note,Amount,Label
1,01-01-2021,8663,Opening Balance,12229.29,Other
2,01-01-2021,1660,Opening Balance,1005.6,Other
3,01-01-2021,7373,Opening Balance,563,Other
4,04-01-2021,1660,-,-49,Other
5,08-01-2021,1660,JEE ,-650,Other
6,09-01-2021,1660,-,2000,Other
7,19-01-2021,7373,MYSY,55000,Other
8,19-01-2021,1660,-,-399,Other
9,20-01-2021,7373,mummy,-1,Mummy
10,21-01-2021,1660,unknown,-10,Other
11,21-01-2021,7373,recharge,-49,Recharge
12,22-01-2021,7373,cash,-25000,Other
13,26-01-2021,1660,other recharge for vi,-49,Recharge
14,28-01-2021,8663,LIC,6000,Insurance
15,31-01-2021,1660,home(vi reacharge),-49,Recharge
16,03-02-2021,7373,transfer to 0390,-5000,SELF TRANSFER
17,05-02-2021,8663,int ,121,Interest
18,06-02-2021,7373,"for cloths,bags etc.",-15000,Other
19,13-02-2021,1660,7227018455,-49,Other
20,15-02-2021,7373,manojbhai selvas ram ram,10000,Other
21,15-02-2021,1660,paytm code check,10,Paytm
22,17-02-2021,1660,by 7373 ,9000,Other
23,17-02-2021,7373, to 1660 by paytm,-9000,Paytm
24,17-02-2021,7373,to 0390 by paytm,-10000,Paytm
25,18-02-2021,1660,9727653512,-49,Other
26,20-02-2021,1660,neel soni,2701,Other
27,20-02-2021,1660,Kamlesh sir ddit,-2500,Other
28,20-02-2021,1660,neel soni,-2700,Other
29,26-02-2021,1660,Kamlesh sir ddit,-5000,Other
30,27-02-2021,1660,8469642157,-49,Other
31,01-03-2021,1660,9979353925,-49,Other
32,04-03-2021,1660,study,10000,Education
33,12-03-2021,1660,fees,49000,Fees
34,12-03-2021,1660,fee,20100,Fees
35,12-03-2021,1660,fees(ddu),-78504.72,Fees
36,16-03-2021,1660,9925362942,-399,Other
37,17-03-2021,1660,pocket,1000,Other
38,17-03-2021,7373,pocket,-1000,Other
39,18-03-2021,1660,for pocket,-2000,Other
40,26-03-2021,1660,8469642157,-149,Other
41,06-04-2021,1660,DDIT anrollment form,-250,ME
42,09-04-2021,1660,7359759130,-49,Other
43,16-04-2021,1660,pragneshbhai ram ram,3500,Other
44,18-04-2021,1660,‚ö†Ô∏è,10,Other
45,19-04-2021,1660,7359759130,-49,Other
46,20-04-2021,1660,9409434932,-10,Other
47,21-04-2021,1660,four and two wheelerLicense ,-3200,Insurance
48,22-04-2021,1660,8469642157,-49,Other
49,26-04-2021,1660,light bill,-262,Bills
50,26-04-2021,1660,,-1643,Other
51,01-05-2021,8663,int,156,Interest
52,02-05-2021,1660,from mummy,400,Mummy
53,15-05-2021,7373,‚ö†Ô∏è,65,Other
54,15-05-2021,7373,9099467525,-399,Other
55,20-05-2021,1660,any,4000,Other
56,29-05-2021,1660,Subhash sir,-2000,Other
57,31-05-2021,1660,7359759130,-50,Other
58,08-06-2021,1660,Me(bsnl),-10,ME
59,10-06-2021,1660,bill,-980,Bills
60,16-06-2021,1660,9979353925,-49,Other
61,25-06-2021,1660,int,14,Interest
62,28-06-2021,1660,8469642157,-399,Other
63,01-07-2021,1660,nadiad,-488,Other
64,06-07-2021,1660,9925362942,-399,Other
65,07-07-2021,1660,7359759130,-49,Other
66,13-07-2021,7373,9499606572,-49,Other
67,17-07-2021,7373,Raksha,-48,Other
68,19-07-2021,1660,by 0390(sbi)paytm,500,Paytm
69,22-07-2021,1660,DDU,-50,Other
70,23-07-2021,1660,-,2000,Other
71,24-07-2021,1660,raksa,-48,Other
72,24-07-2021,1660,train üöÜ tickets,-261,Travel
73,26-07-2021,1660,LIC-862092548,-517,Insurance
74,26-07-2021,1660,LIC-862092547,-1073,Insurance
75,27-07-2021,1660,7227018455,-79,Other
76,28-07-2021,1660,add,1500,Other
77,30-07-2021,1660,"APPC-kirtan257
(Kirtan@123)",-300,KIRTAN
78,30-07-2021,1660,ACPC-KRISHAPATEL (Krisha@789),-300,Other
79,31-07-2021,1660,ACPC- isha  ( ishap7516  -> Isha@123),-300,Other
80,02-08-2021,8663,int,140,Interest
81,04-08-2021,1660,Acpc- parth_v,-300,Other
82,05-08-2021,7373,‚ö†Ô∏è,2,Other
83,19-08-2021,7373,-,500,Other
84,19-08-2021,8663,PPF deposit,-500,Deposit
85,25-08-2021,1660,Raksa,-48,Other
86,26-08-2021,1660,8469642157,-359,Other
87,31-08-2021,7373,9925362942,-409,Other
88,03-09-2021,1660,kantubapa,-149,Other
89,13-09-2021,8663,sem1+sem2,136150,Other
90,13-09-2021,8663,sem 3,68075,Other
91,13-09-2021,8663,sem 3,-78500,Other
92,16-09-2021,1660,9409434932,-10,Other
93,16-09-2021,8663,mummy (kirtan+dairy(jayeshbhai)),-50000,Mummy
94,23-09-2021,1660,bank,-147.5,Other
95,25-09-2021,1660,int,5,Interest
96,05-10-2021,7373,9979353925,-149,Other
97,08-10-2021,8663,int123,-1402,Interest
98,11-10-2021,8663,Mummy (gave to bipinkaka),-45000,Mummy
99,12-10-2021,8663,Mummy (gave to tinufui),-30000,Mummy
100,18-10-2021,1660,from 0390 Gpay,2500,Other
101,18-10-2021,1660,light bill,-620,Bills
102,18-10-2021,1660,,-1654,Other
103,19-10-2021,8663,ATM test,-1000,Other
104,21-10-2021,8663,8469642157,-409,Other
105,25-10-2021,1660,7227018455,-79,Other
106,26-10-2021,8663,9925362942,-409,Other
107,27-10-2021,8663,kirtan fees,1000,Fees
108,27-10-2021,8663,-,-15000,Other
109,28-10-2021,7373,MYSY,50000,Other
110,28-10-2021,8663,from 7373(BOB),10000,Other
111,28-10-2021,1660,from 8663 ELOAN,1000,Other
112,28-10-2021,8663,to SBI(1660),-1000,Other
113,28-10-2021,7373,to 8663(ELOAN),-10000,Other
114,29-10-2021,7373,to 0390,-5000,Other
115,29-10-2021,7373,to acc 16678(mummy),-10000,Mummy
116,29-10-2021,7373,withdraw by ATM,-20000,Other
117,08-11-2021,1660,hemant (ADIT),115,Other
118,10-11-2021,8663,-,321,Other
119,10-11-2021,7373,‚ö†Ô∏è,5,Other
120,10-11-2021,1660,IT return(sunta mali),-600,Other
121,10-11-2021,8663,int123,-1656,Interest
122,13-11-2021,1660,Train üöâ Ticket (keval),-126.8,Travel
123,16-11-2021,8663,ATMCARD,-295,Other
124,18-11-2021,1660,-,76000,Other
125,18-11-2021,1660,train ticket,-211.8,Travel
126,19-11-2021,1660,refund from IRCTC,135,Other
127,19-11-2021,1660,samarth sakhi mandal (jigo bhai loan),-35000,Other
128,19-11-2021,1660,to 0390,-35000,Other
129,24-11-2021,1660,cmss(done by mistake),10000,Other
130,25-11-2021,1660,cmss(refunded),-10000,Other
131,28-11-2021,1660,-,-5500,Other
132,29-11-2021,1660,Train üöâ Ticket ,-211.8,Travel
133,30-11-2021,1660,9409434932,-20,Other
134,07-12-2021,1660,9409434932,-98,Other
135,10-12-2021,8663,int123,-1603,Interest
136,15-12-2021,1660,from STV ,7600,Other
137,17-12-2021,1660,Sanjay uncle nadiad,1000,Other
138,17-12-2021,1660,cashback,6,CASHBACK
139,17-12-2021,1660,dinner,-40,Other
140,17-12-2021,1660,8469642157,-459,Other
141,21-12-2021,1660,9925362942,-439,Other
142,27-12-2021,1660,cashback,22,CASHBACK
143,27-12-2021,8663,SMS charge,-17.7,Other
144,27-12-2021,1660,dinner,-40,Other
145,27-12-2021,1660,gold loan int,-8000,Interest
146,28-12-2021,1660,dinner,-40,Other
147,29-12-2021,1660,from 0390 PayTm,2000,Paytm
148,29-12-2021,1660,cashback,6,CASHBACK
149,29-12-2021,1660,dinner,-40,Other
150,29-12-2021,1660,9409434932,-98,Other
151,29-12-2021,7373,rent (devprem socity),-3000,Other
152,01-01-2022,1660,dinner,-40,Other
153,02-01-2022,1660,94094 34932,-20,Other
154,05-01-2022,1660,RAJAN,139,Other
155,05-01-2022,1660,Refund,135,Other
156,05-01-2022,1660,Train üöâ  Ticket,-101.8,Travel
157,05-01-2022,1660,Train üöâ  Ticket,-326.8,Travel
158,05-01-2022,1660,Train üöâ  Ticket,-326.8,Travel
159,05-01-2022,1660,Train üöâ  Ticket,-411.8,Travel
160,07-01-2022,7373,to pocket,-1500,Other
161,10-01-2022,8663,int123,-1656,Interest
162,12-01-2022,1660,Train üöâ  Ticket,-211.8,Travel
163,18-01-2022,1660,dinner,-60,Other
164,04-02-2022,1660,dinner,-40,Other
165,05-02-2022,1660,dinner,-40,Other
166,07-02-2022,8663,INT,60,Interest
167,09-02-2022,1660,courier page,-2,Other
168,09-02-2022,1660,7227018455,-99,Other
169,10-02-2022,8663,cash,15000,Other
170,10-02-2022,8663,int123,-1656,Interest
171,11-02-2022,1660,9409434932,-98,Other
172,13-02-2022,8663,kirtan,-5000,KIRTAN
173,15-02-2022,8663,sem4,68075,Other
174,15-02-2022,8663,-,-247,Other
175,15-02-2022,8663,-,-2000,Other
176,15-02-2022,8663,sem-4 fees DDU,-78500,Fees
177,17-02-2022,8663,dinner,-40,Other
178,05-03-2022,8663,from 1660,3000,Other
179,06-03-2022,8663,9979353925,-198,Other
180,10-03-2022,8663,int4,-1871,Interest
181,14-03-2022,8663,SMS charge,-17.7,Other
182,25-03-2022,1660,INT,8,Interest
183,31-03-2022,7373,‚ö†Ô∏è,24,Other
184,03-04-2022,7373,for rent from(0390),5100,Other
185,03-04-2022,7373,Rajan sends me,5000,ME
186,03-04-2022,7373,gave to Rajan,-5000,Other
187,03-04-2022,7373, to pocket,-5500,Other
188,08-04-2022,8663,-,21,Other
189,08-04-2022,8663,int4,-2162,Interest
190,12-04-2022,7373,Rajan sends me,1000,ME
191,12-04-2022,7373,to pcket + to gave Rajan,-1000,Other
192,02-05-2022,8663,from 0390,3010,Other
193,10-05-2022,8663,int4,-2095,Interest
194,15-05-2022,8663,Null class internships,-497,Interest
195,26-05-2022,8663,from prasant bhai,1500,Other
196,07-06-2022,8663,from 0390,500,Other
197,10-06-2022,7373,‚ö†Ô∏è,3,Other
198,10-06-2022,8663,int4,-2261,Interest
199,23-06-2022,8663,SMS charge,-17.7,Other
200,25-06-2022,1660,INT,6,Interest
201,28-06-2022,8663,Ritesh mama vav,3000,Other
202,04-07-2022,7373, from 0390,600,Other
203,08-07-2022,8663,int4,-2188,Interest
204,09-07-2022,7373,from 0390,10000,Other
205,09-07-2022,7373,to pocket ,-10000,Other
206,11-07-2022,7373,ITR ,-600,Other
207,13-07-2022,7373,from 0390,1000,Other
208,16-07-2022,8663,Ritesh mama vav,3000,Other
209,19-07-2022,8663,mummy deposited,48000,Deposit
210,20-07-2022,8663,SAMARTH SAKHI MANDAL ,-35000,Other
211,23-07-2022,7373,Rajan - dinner,210,Other
212,26-07-2022,8663,sem5,68075,Other
213,26-07-2022,7373,9409434932,-399,Other
214,26-07-2022,8663,sem5,-78500,Other
215,01-08-2022,8663,int,28,Interest
216,01-08-2022,7373,to 0390,-500,Other
217,01-08-2022,8663,to 0390,-4000,Other
218,02-08-2022,7373,9979353925,-98,Other
219,05-08-2022,8663,Anjali ŒîŒô ,1400,Other
220,06-08-2022,8663,-,300,Other
221,06-08-2022,7373,‚ö†Ô∏è,3,Other
222,06-08-2022,7373,to 8663,-300,Other
223,06-08-2022,8663,dinner,-435,Other
224,06-08-2022,8663,kirtan,-1400,KIRTAN
225,10-08-2022,8663,Riteshmama vav,3000,Other
226,10-08-2022,8663,from 0390,500,Other
227,10-08-2022,8663,int5,-34.81,Interest
228,10-08-2022,8663,int5,-2628.19,Interest
229,13-08-2022,7373,from 0390,1000,Other
230,14-08-2022,1660,to pocket ,-500,Other
231,27-08-2022,7373,Bluetooth headphones advanced ,-30,Other
232,27-08-2022,7373,Dinner ,-410,Other
233,29-08-2022,7373,8469642157,-459,Other
234,31-08-2022,7373,jittam chocolate ,45,Other
235,31-08-2022,8663,Dmart,-799.2,Other
236,02-09-2022,7373,internship null class,7000,Interest
237,03-09-2022,8663,from 0390,1000,Other
238,03-09-2022,8663,dinner,-430,Other
239,04-09-2022,7373,jittam aloo parotha,40,Other
240,08-09-2022,8663,Anjali ŒîŒô ,700,Other
241,09-09-2022,8663,cashback,6,CASHBACK
242,09-09-2022,8663,dinner,-210,Other
243,09-09-2022,8663,int5,-3095,Interest
244,12-09-2022,8663,Ritesh mama vav,3000,Other
245,13-09-2022,1660,ATM,-147.5,Other
246,13-09-2022,8663,9979353925,-395,Other
247,14-09-2022,7373,-,-40,Other
248,16-09-2022,8663,bipin kaka nandarkha,3000,Other
249,16-09-2022,8663,dinner,-210,Other
250,16-09-2022,8663,ATM ,-236,Other
251,16-09-2022,8663,kirtan,-1000,KIRTAN
252,18-09-2022,7373,-,50,Other
253,19-09-2022,8663,SMS charge,-17.7,Other
254,20-09-2022,8663,kirtan ,-500,KIRTAN
255,23-09-2022,8663,dinner,-350,Other
256,24-09-2022,7373,-,110,Other
257,27-09-2022,7373,train ticket,-231.8,Travel
258,29-09-2022,8663,cashback,6,CASHBACK
259,29-09-2022,8663,dinner,-70,Other
260,29-09-2022,8663,kirtan,-400,KIRTAN
261,01-10-2022,8663,train tickets ,-231.8,Travel
262,01-10-2022,8663,-,-630,Other
263,02-10-2022,8663,train tickets ,-251.8,Travel
264,03-10-2022,8663,preet,200,Other
265,03-10-2022,8663,train üöÜ ticket ,-371.8,Travel
266,05-10-2022,8663,kirtan,200,KIRTAN
267,08-10-2022,8663,-,3000,Other
268,10-10-2022,8663,-,3000,Other
269,10-10-2022,8663,kirtan ,-300,KIRTAN
270,11-10-2022,8663,light bill,-337,Bills
271,11-10-2022,8663,light bill,-1171,Bills
272,11-10-2022,8663,int5,-3000,Interest
273,12-10-2022,7373,-,110,Other
274,12-10-2022,7373,kirtan,-150,KIRTAN
275,12-10-2022,8663,Rajan balance,-479,Other
276,14-10-2022,8663,mouse ,-383,Other
277,19-10-2022,7373,int,4.73,Interest
278,22-10-2022,8663,debit card ,-354,Other
279,24-10-2022,8663,from 4027,40000,Other
280,24-10-2022,8663,Bipin kaka nandarkha,-40000,Other
281,25-10-2022,8663,from 4027,7000,Other
282,27-10-2022,8663,9925362942,-239,Other
283,28-10-2022,8663,from 0390,5000,Other
284,28-10-2022,8663,Bipin kaka nandarkha,-10000,Other
285,29-10-2022,1660,-,4,Other
286,31-10-2022,8663,-,6,Other
287,31-10-2022,7373,8469642157,-58,Other
288,31-10-2022,8663,train tickets ,-241.8,Travel
289,01-11-2022,8663,int,30,Interest
290,01-11-2022,8663,-,-100,Other
291,02-11-2022,8663,train tickets ,-356.8,Travel
292,03-11-2022,7373,,34,Other
293,08-11-2022,8663,-,-98,Other
294,10-11-2022,8663,int5,-3247,Interest
295,11-11-2022,8663,-,4000,Other
296,11-11-2022,7373,riteshmama ,3000,Other
297,11-11-2022,7373,jayeshbhai naranpor ,1200,Other
298,11-11-2022,7373,Mitesh aswin chaudhari ,900,Other
299,11-11-2022,7373,chandrakant bhai ram Ram,591,Other
300,11-11-2022,7373,to 8663,-4000,Other
301,12-11-2022,8663,kirtan,-1000,KIRTAN
302,13-11-2022,7373,jittam,210,Other
303,14-11-2022,7373,jittam,65,Other
304,17-11-2022,8663,nikunj ,300,Other
305,19-11-2022,8663,jittam ,10,Other
306,19-11-2022,7373,jittam ,-132,Other
307,19-11-2022,8663,to pocket,-500,Other
308,20-11-2022,7373,jewelry ,-200,Other
309,21-11-2022,7373,jittam,-17,Other
310,21-11-2022,8663,-,-459,Other
311,22-11-2022,7373,to 8663,-1500,Other
312,23-11-2022,8663,from 7373,1500,Other
313,23-11-2022,8663,7227018455,-99,Other
314,23-11-2022,8663,9979353925,-395,Other
315,24-11-2022,8663,cake,-200,Other
316,24-11-2022,8663,9925362942,-479,Other
317,26-11-2022,8663,Urvashi di,3501,Other
318,26-11-2022,8663,jittam ,2000,Other
319,26-11-2022,8663,Rajan,1000,Other
320,26-11-2022,8663,Rajan +Lunch ,-1025,Other
321,26-11-2022,8663,jittam,-7000,Other
322,27-11-2022,8663,jittam,10,Other
323,27-11-2022,8663,pocket via rajan,-500,Recharge
324,29-11-2022,8663,Jayesh bhai,5000,Other
325,29-11-2022,8663,bipin kaka nandarkha ,3500,Other
326,29-11-2022,8663,urvashi di ,-3500,Other
327,01-12-2022,7373,,-1,Other
328,01-12-2022,8663,rasmitabhabhi,-999,Other
329,04-12-2022,8663,kirtan,-500,KIRTAN
330,06-12-2022,1660,Chandrakant bhai ram ram,16500,Other
331,06-12-2022,8663,9409434932,-10,Other
332,06-12-2022,7373,9409434932,-107,Other
333,07-12-2022,7373,-,1000,Other
334,07-12-2022,8663,Laptop service,-150,Recharge
335,07-12-2022,7373,to pocket via harshil parmar,-1000,Recharge
336,07-12-2022,1660,-,-1000,Other
337,08-12-2022,8663,garasiya nikunj,600,Other
338,08-12-2022,8663,Jittam,70,Other
339,08-12-2022,8663,9409434932,-98,Other
340,09-12-2022,8663,int5,-3146,Interest
341,09-12-2022,1660,for üß±  brick ,-10001,Other
342,11-12-2022,8663,bipin kaka nandarkha ,3000,Other
343,11-12-2022,1660,hiteshbhai ram ram,-1000,Other
344,12-12-2022,1660,train üöÇ ticket ,-126.8,Travel
345,14-12-2022,8663,kirtan,10000,KIRTAN
346,14-12-2022,8663,,-286,Other
347,14-12-2022,8663,electricity√∞≈∏‚Äô¬°bill ,-1262,Bills
348,17-12-2022,8663,chandrakant patel,1200,Other
349,17-12-2022,8663,kirtan,-700,KIRTAN
350,21-12-2022,8663,kaushik mama(chanchal masi),25000,Other
351,21-12-2022,8663,SMS charge,-17.7,Other
352,22-12-2022,8663,kirtan ,-22000,KIRTAN
353,25-12-2022,8663,jimy Ben ram ram ,1500,Other
354,25-12-2022,7373,from 1660,1000,Other
355,25-12-2022,8663,nikunj garasiya,600,Other
356,25-12-2022,1660,-,10,Other
357,25-12-2022,8663,jittam,-208,Other
358,25-12-2022,1660,-,-239,Other
359,25-12-2022,8663,8469705418,-239,Other
360,25-12-2022,1660,to pocket via rajan ,-500,Recharge
361,25-12-2022,1660,to 7373,-1000,Other
362,26-12-2022,8663,Bhanu Tighara ,-15000,Other
363,27-12-2022,8663,Jarvis bhai,100000,Recharge
364,27-12-2022,7373,mysy,50000,Other
365,27-12-2022,7373,kirti di train tickets,-131.8,Travel
366,27-12-2022,7373,,-146.8,Other
367,27-12-2022,8663,02430100012361 - mummy,-30000,Mummy
368,27-12-2022,8663,93440100001166 - mummy ,-40000,Mummy
369,28-12-2022,7373,mummy,-30000,Mummy
370,29-12-2022,8663,bipinkaka nandarkha ,3500,Other
371,29-12-2022,8663,bhavu Tighara ,-25000,Other
372,31-12-2022,7373,9409434932,-395,Other
373,04-01-2023,7373,-,-500,Other
374,05-01-2023,8663,Chandrakant bhai ram ram ,-3500,Other
375,06-01-2023,8663,gold loan,115000,Other
376,06-01-2023,8663,Chandrakant bhai ram ram,3500,Other
377,06-01-2023,1660,mall,-123,Other
378,06-01-2023,8663,check,-115000,Other
379,07-01-2023,8663,-,500,Other
380,07-01-2023,7373,-,-10000,Other
381,08-01-2023,1660,passport ,-500,Other
382,09-01-2023,1660,food,-20,Food
383,09-01-2023,1660,tickets,-431.8,Travel
384,10-01-2023,8663,kirtan ,11000,KIRTAN
385,10-01-2023,8663,from 7373,8000,Other
386,10-01-2023,8663,bipin kaka nandarkha,3000,Other
387,10-01-2023,8663,Ritesh mama vav,3000,Other
388,10-01-2023,8663,jittam,20,Other
389,10-01-2023,8663,to jittam,-30,Other
390,10-01-2023,7373,to mummy via rasmitabhabhi ,-1000,Recharge
391,10-01-2023,8663,int5,-3354,Interest
392,10-01-2023,7373,to 8663,-8000,Other
393,10-01-2023,8663,to mummy via rasmitabhabhi ,-19000,Recharge
394,11-01-2023,8663,mummy sent via rasmitabhabhi ,4001,Recharge
395,11-01-2023,1660,pocket via jittam,-220,Recharge
396,12-01-2023,8663,mummy sent via rasmitabhabhi ,1000,Recharge
397,13-01-2023,8663,sem6,68075,Other
398,13-01-2023,8663,withdraw,-1000,Other
399,13-01-2023,8663,sem6,-78500,Other
400,16-01-2023,8663,From 4027,60000,Other
401,16-01-2023,1660,94094 34932,-10,Other
402,16-01-2023,8663,kirtan,-13000,KIRTAN
403,17-01-2023,8663,Kirtan,214,KIRTAN
404,19-01-2023,8663,9925362942,-479,Other
405,20-01-2023,8663,1166 Mummy ,-20000,Mummy
406,21-01-2023,1660,kirtan exam fees,-250,Fees
407,22-01-2023,8663,940298 69195,-399,Other
408,22-01-2023,1660,97148 26150,-479,Other
409,23-01-2023,7373,jittam,30,Other
410,23-01-2023,1660,kirtan exam fees,-300,Fees
411,23-01-2023,8663,kirtan exam fee,-850,Fees
412,24-01-2023,8663,gaurav ,20,Other
413,26-01-2023,8663,,-517,Other
414,26-01-2023,8663,lic,-1073,Insurance
415,26-01-2023,8663,mummy,-22000,Mummy
416,27-01-2023,8663,bipin kaka nandarkha ,3500,Other
417,27-01-2023,8663,IRCTC ,-326.8,Other
418,02-02-2023,7373,manoj Bhai selvas,5001,Other
419,02-02-2023,8663,int,45,Interest
420,03-02-2023,8663,-,6,Other
421,03-02-2023,8663,IRCTC,-326.8,Other
422,04-02-2023,8663,kirtan ,416,KIRTAN
423,04-02-2023,7373,‚ö†Ô∏è,74,Other
424,04-02-2023,7373,bsnl 9408522139,-105,Other
425,05-02-2023,7373,‚ö†Ô∏è,6,Other
426,05-02-2023,7373,dinner of 4 feb,-90,Other
427,05-02-2023,7373,mummy ,-5000,Mummy
428,07-02-2023,7373,Patel Bhavu Tighara,1200,Other
429,07-02-2023,1660,cantine,-20,Other
430,08-02-2023,8663,-,11000,Other
431,08-02-2023,1660,from 8663,500,Other
432,08-02-2023,1660,cantine,-30,Other
433,08-02-2023,8663,GTU,-250,Other
434,08-02-2023,8663,to 1660,-500,Other
435,10-02-2023,7373,kirtan ,50000,KIRTAN
436,10-02-2023,8663,from 7373,50000,Other
437,10-02-2023,8663,int6,-3928,Interest
438,10-02-2023,8663,bricks,-20000,Other
439,10-02-2023,7373,dhruv,-50000,Other
440,11-02-2023,8663,-,25000,Other
441,11-02-2023,8663,patel bhavu,-50000,Other
442,12-02-2023,8663,bipinkaka nandarkha ,3000,Other
443,12-02-2023,8663,to pocket via jittam,-1020,Recharge
444,13-02-2023,8663,canteen,-35,Other
445,13-02-2023,8663,7621976204,-239,Other
446,14-02-2023,8663,electicity √†¬™¬¨√†¬™¬ø√†¬™¬≤,-305,Other
447,14-02-2023,8663,,-1400,Other
448,14-02-2023,8663,IELTS,-12750,Other
449,15-02-2023,8663,dmart,-204.5,Other
450,16-02-2023,8663,kirtan,-298,KIRTAN
451,16-02-2023,8663,bsnl,-395,Other
452,16-02-2023,8663,kirtan,-1000,KIRTAN
453,17-02-2023,8663,refund from bsnl,395,Other
454,17-02-2023,8663,jittam,25,Other
455,17-02-2023,1660,tickets for kirti di,-131.8,Travel
456,17-02-2023,8663,IRCTC ,-251.8,Other
457,20-02-2023,8663,ritesh mama vav,3000,Other
458,20-02-2023,8663,policy bazar ,-2471,Insurance
459,21-02-2023,1660,train tickets,-116.8,Travel
460,23-02-2023,1660,cantine,-20,Other
461,25-02-2023,8663,bipinkaka nandarkha ,3500,Other
462,25-02-2023,8663,IRCTC ,-356.8,Other
463,28-02-2023,1660,from 7373,1000,Other
464,28-02-2023,7373,‚ö†Ô∏è,20,Other
465,28-02-2023,1660,cash withdraw,-500,Other
466,28-02-2023,7373,to 1660,-1000,Other
467,01-03-2023,7373,cash,-500,Other
468,02-03-2023,8663,dhruvi,-1000,Recharge
469,03-03-2023,1660,IRCTC refund,60,Other
470,03-03-2023,8663,IRCTC refund,60,Other
471,04-03-2023,7373,Refunf Earburd,679,Other
472,04-03-2023,7373,mummy,-4000,Mummy
473,06-03-2023,7373,mummy,-3000,Mummy
474,08-03-2023,7373,Patel Bhavu Tighara,32700,Other
475,08-03-2023,7373,kirtan fees clg,-31000,Fees
476,10-03-2023,8663,int6,-3607,Interest
477,11-03-2023,7373,bipinkaka nandarkha ,3000,Other
478,11-03-2023,7373,kirti di,170,Other
479,12-03-2023,7373,ritesh mama vav,3000,Other
480,12-03-2023,7373,jittam,30,Other
481,12-03-2023,7373,9409434932,-43,Other
482,12-03-2023,7373,7227018455,-239,Other
483,13-03-2023,7373,jittam,15,Other
484,13-03-2023,7373,BSNL ,-19,Other
485,13-03-2023,7373,food,-40,Food
486,13-03-2023,7373,9409434932,-94,Other
488,14-03-2023,7373,BSNL refund,19,Other
489,14-03-2023,1660,jittam,-50,Other
490,15-03-2023,7373,food,-60,Food
491,16-03-2023,7373,jittam,40,Other
492,16-03-2023,7373,jittam,15,Other
493,16-03-2023,7373,food,-15,Food
494,16-03-2023,7373,food,-15,Food
495,16-03-2023,7373,food,-40,Food
496,16-03-2023,1660,Mummy PANCARD,-106.9,Mummy
497,16-03-2023,7373,Hriom Polic PANCARD,-1000,Insurance
498,18-03-2023,1660,CMSS,76000,Other
499,18-03-2023,8663,SMS charge,-0.94,Other
500,18-03-2023,1660,Hriom Polic PANCARD,-106.9,Insurance
501,19-03-2023,1660,to 7373,-20000,Other
502,20-03-2023,7373,from 1660,20000,Other
503,20-03-2023,7373,food,-35,Food
504,20-03-2023,7373,dinner,-80,Other
505,20-03-2023,7373,SAMARTH SAKHI MANDAL,-10000,Other
506,20-03-2023,7373,GAYTRI SAKHI MANDAL,-10000,Other
507,21-03-2023,7373,dinner,-80,Other
508,21-03-2023,7373,kirtan,-1000,KIRTAN
509,22-03-2023,7373,food,-30,Food
510,23-03-2023,7373,food,-50,Food
511,23-03-2023,7373,dinner,-70,Other
512,23-03-2023,7373,kirtan ,-200,KIRTAN
513,24-03-2023,7373,jittam,55,Other
514,24-03-2023,7373,food,-45,Food
515,24-03-2023,7373,dinner,-80,Other
516,24-03-2023,7373,food,-80,Food
517,25-03-2023,1660,int,66,Interest
518,25-03-2023,7373,food,-35,Food
519,25-03-2023,7373,dinner ,-70,Other
520,25-03-2023,7373,to Rajan ,-380,Other
521,26-03-2023,7373,bipin kaka nandarkha ,3500,Other
522,27-03-2023,7373,train ticket,-126.8,Travel
523,27-03-2023,7373,ramesh marvadi,-300,ME
524,30-03-2023,7373,‚ö†Ô∏è,6,Other
525,30-03-2023,7373,bachubapa ,-99,Other
526,30-03-2023,7373,mummy ,-200,Mummy
527,31-03-2023,7373,kalpesh Patel,6300,Other
528,31-03-2023,1660,pancard,-106.9,Other
529,01-04-2023,7373,train üöÇ,-356.8,Travel
530,01-04-2023,7373,kirtan ,-2000,KIRTAN
531,03-04-2023,1660,Payoneer,6.03,Other
532,03-04-2023,1660,Payoneer,4.41,Other
533,03-04-2023,7373,DMART,-120,Other
534,04-04-2023,1660,paypal,1.18,Other
535,04-04-2023,1660,paypal,1.11,Other
536,04-04-2023,7373,Pintu mobile,-10000,Interest
537,05-04-2023,7373,8469642157,-58,Other
538,08-04-2023,7373,CANTINE,-140,Other
539,09-04-2023,7373,DINNER,-100,Other
540,10-04-2023,7373,7227018455,-239,Other
541,10-04-2023,8663,int6,-4081,Interest
542,11-04-2023,7373,RAJAN SENT,500,Other
543,11-04-2023,7373,Withdraw (500 for rajan),-1500,Other
544,11-04-2023,1660,bricks,-20000,Other
545,12-04-2023,7373,-,3000,Other
546,12-04-2023,7373,Paypal,2.17,Other
547,12-04-2023,7373,Electricity bill,-310,Bills
548,12-04-2023,7373,,-1472,Other
549,13-04-2023,8663,SMS charge,-0.47,Other
550,13-04-2023,7373,AWS account,-2,Other
551,13-04-2023,7373,,-10,Other
552,13-04-2023,7373,9409434932_,-94,Other
553,13-04-2023,7373,BSNL Recharge 9499779068,-139,Recharge
554,13-04-2023,7373,Mummy 9925362942,-479,Mummy
555,14-04-2023,7373,ritesh mama vav,3000,Other
556,14-04-2023,7373,from 1660,1550,Other
557,14-04-2023,7373,,1000,Other
558,14-04-2023,7373,2 Rs Aws Returned,2,Other
559,14-04-2023,7373,Smart Watch,-1547.61,Other
560,14-04-2023,1660,to 7373,-1550,Other
561,15-04-2023,7373,for jittam,-165,Other
562,17-04-2023,7373,from jittam,388,Other
563,17-04-2023,7373,to pocket,-500,Other
564,17-04-2023,1660,mummy withdrawed,-20000,Mummy
565,18-04-2023,7373,9484425889,-153,Other
566,19-04-2023,7373,from rajan,1025,Other
567,19-04-2023,7373,500 to pocket and 1000 to rajan,-1500,Other
568,20-04-2023,7373,food,-135,Food
569,23-04-2023,8663,to 7373,-3500,Other
570,24-04-2023,7373,from 8663,3500,Other
571,24-04-2023,7373,plumbing,-7000,Other
572,25-04-2023,7373,cantine,-50,Other
573,27-04-2023,7373,meet (jittam's roommate),10,ME
574,27-04-2023,7373,,10,Other
575,27-04-2023,7373,‚ö†Ô∏ècashback,5,CASHBACK
576,27-04-2023,7373,cantine,-20,Other
577,27-04-2023,1660,meet (jittam's roommate),-20,ME
578,28-04-2023,7373,from 1660,1000,Other
579,28-04-2023,7373,‚ö†Ô∏ècashback,5,CASHBACK
580,28-04-2023,1660,cantine,-30,Other
581,28-04-2023,7373,withdraw,-1000,Other
582,28-04-2023,1660,to 7373,-1000,Other
583,29-04-2023,7373,‚ö†Ô∏ècashback,5,CASHBACK
584,29-04-2023,7373,‚ö†Ô∏ècashback,5,CASHBACK
585,29-04-2023,7373,‚ö†Ô∏ècashback,5,CASHBACK
586,29-04-2023,7373,‚ö†Ô∏ècashback,5,CASHBACK
587,29-04-2023,1660,jittam,-20,Other
588,29-04-2023,1660,kirtan,-20,KIRTAN
589,29-04-2023,1660,petrol,-102,Other
590,29-04-2023,1660,arvind dairy,-500,Recharge
591,29-04-2023,1660,grocery,-750,Other
592,02-05-2023,7373,from bhavu tighra,98600,Other
593,02-05-2023,7373,from 1660,9000,Other
594,02-05-2023,8663,from 1660,3500,Other
595,02-05-2023,8663,-,71,Other
596,02-05-2023,1660,to 8663,-3500,Other
597,02-05-2023,1660,to 7373,-9000,Other
598,02-05-2023,7373,to 2361 (mummy),-98600,Mummy
599,03-05-2023,7373,Bipin kaka,3500,Other
600,03-05-2023,1660,-,200,Other
601,03-05-2023,7373,int,43,Interest
602,03-05-2023,7373,‚ö†Ô∏ècashback,6,CASHBACK
603,03-05-2023,7373,car insurance üöó,-3952,Other
604,03-05-2023,7373,-,-5200,Other
605,04-05-2023,7373,Linux jobber company (USA) $,26851.82,Other
606,04-05-2023,7373,Ritesh mama vav,4000,Other
607,05-05-2023,7373, to mummy ,-32000,Mummy
608,06-05-2023,7373,8469642157 recharge ,-459,Recharge
609,09-05-2023,7373,form for hariom sing,-300,Other
610,09-05-2023,7373,kirti di ticket ,-326.8,Travel
611,10-05-2023,8663,SMS charge,-0.24,Other
612,10-05-2023,7373,9409434932_,-98,Other
613,10-05-2023,8663,int6,-3949,Interest
614,12-05-2023,1660,from 7373,500,Other
615,12-05-2023,1660,Amazon ,-419,Amazon
616,12-05-2023,7373, to 1660,-500,Other
617,13-05-2023,7373,kirtan,-200,KIRTAN
618,14-05-2023,7373,mummy via rasmitabhabhi,1400,Recharge
619,14-05-2023,7373,kirtan,-400,KIRTAN
620,15-05-2023,8663,mummy ,10000,Mummy
621,15-05-2023,7373,bipin kaka,3000,Other
622,15-05-2023,8663,kirtan ,-1000,KIRTAN
623,18-05-2023,7373,kartik bhai ( refund of Amazon),409,Amazon
624,18-05-2023,7373,me 9409434932,-10,ME
625,18-05-2023,7373,kirtan,-2000,KIRTAN
626,19-05-2023,7373,9979353925,-98,Other
627,20-05-2023,7373,withdraw ,-500,Other
628,21-05-2023,7373,food,-35,Food
629,22-05-2023,7373,food,-15,Food
630,22-05-2023,7373,food,-20,Food
631,22-05-2023,7373,light rope,-290,Bills
632,23-05-2023,7373,withdraw ,-500,Other
633,24-05-2023,7373,food,-15,Food
634,24-05-2023,7373,food,-20,Food
635,25-05-2023,8663,mummy ,31500,Mummy
636,25-05-2023,7373,bipin kaka nandarkha,3500,Other
637,25-05-2023,7373,dhansukh kaka ( gave via cash),-500,Recharge
638,26-05-2023,7373,chikhli hotel,-130,Other
639,26-05-2023,8663,-,-1000,Other
640,26-05-2023,8663,-,-8000,Other
641,27-05-2023,7373,‚ö†Ô∏ècashback,6,CASHBACK
642,30-05-2023,7373,sunny recharge ,-100,Recharge
643,01-06-2023,7373,9409434932_,-98,Other
644,02-06-2023,7373,Linux jobber company (USA) $,18101.56,Other
645,02-06-2023,7373,kartik bhai ( refund of Amazon),787,Amazon
646,02-06-2023,7373,to kartik bhai (he paid 10 extra so returned),-10,Other
647,03-06-2023,7373,bipin kaka nandarkha ,3600,Other
648,03-06-2023,7373,mummy ,-18000,Mummy
649,04-06-2023,7373,Jayesh bhai naranpor,1800,Other
650,05-06-2023,7373,sunny tata sky recharge ,-100,Recharge
651,08-06-2023,7373,dhansyam IELTS (he gave cash),-239,Other
652,08-06-2023,7373,mummy recharge ,-479,Recharge
653,09-06-2023,8663,-,0.24,Other
654,09-06-2023,8663,int6,-4081,Interest
655,10-06-2023,7373,‚ö†Ô∏ècashback,6,CASHBACK
656,10-06-2023,7373,,-10,Other
657,10-06-2023,7373,kirtan recharge ,-98,Recharge
658,11-06-2023,7373,bipin kaka nandarkha ,6500,Other
659,11-06-2023,7373,dhruvi,-1000,Recharge
660,12-06-2023,7373,from mummy ,200,Mummy
661,12-06-2023,7373,mummy gpay,200,Mummy
662,12-06-2023,7373,‚ö†Ô∏ècashback,6,CASHBACK
663,12-06-2023,7373,9409434932 me,-10,ME
664,12-06-2023,7373,to mummy ,-200,Mummy
665,12-06-2023,7373,mummy,-200,Mummy
666,12-06-2023,7373,,-587,Other
667,12-06-2023,7373,electricity Bill ,-1623,Bills
668,14-06-2023,7373,-,14300,Other
669,15-06-2023,7373,bricks(home),-7000,ME
670,15-06-2023,8663,to mummy,-21000,Mummy
671,16-06-2023,8663,from 7373,20000,Other
672,16-06-2023,7373,to 8663,-20000,Other
673,17-06-2023,7373,Ritesh mama vav,2000,Other
674,21-06-2023,7373,,-10,Other
675,21-06-2023,7373,food,-20,Food
676,22-06-2023,7373,for niki bcom form,-200,Other
677,22-06-2023,8663,gold loan,-14187,Other
678,24-06-2023,7373,kartik bhai ( refund of Amazon),689,Amazon
679,25-06-2023,7373,bipinkaka nandarkha,3500,Other
680,25-06-2023,1660,int,103,Interest
681,28-06-2023,7373,9409434932_,-10,Other
682,28-06-2023,7373,cantin,-20,Other
683,30-06-2023,7373,Dmart,-190,Other
684,03-07-2023,8663,-,10000,Other
685,03-07-2023,8663,SMS charge,-0.24,Other
686,03-07-2023,8663,-,-20000,Other
687,06-07-2023,8663,-,9500,Other
688,06-07-2023,7373,from RAMAN,1241,Other
689,08-07-2023,7373,rajan,-901,Other
690,09-07-2023,7373,amazon,901,Amazon
691,09-07-2023,7373,9409434932_,-10,Other
692,10-07-2023,8663,hiral Patel ,3000,Other
693,10-07-2023,8663,Riteshmama vav,2000,Other
694,10-07-2023,8663,int6,-3949,Interest
695,12-07-2023,8663,-,30000,Other
696,13-07-2023,8663,jittam,20,Other
697,13-07-2023,8663,repair dorr handle and regulator of fan at nadiad pg3,-220,Other
698,14-07-2023,8663,bipin kaka nandarkha ,6500,Other
699,14-07-2023,8663,amazon deal refund ,491,Top Deals
700,14-07-2023,8663,room owner of pg3 paid,220,Other
701,14-07-2023,7373,to RAMAN,-641,Other
702,14-07-2023,7373,sravan bhai,-1500,Other
703,16-07-2023,7373,8469642157_,-58,Other
704,17-07-2023,7373,9409434932_,-98,Other
705,17-07-2023,7373,kirti di tickets,-416.8,Travel
706,19-07-2023,8663,SMS charge,-0.24,Other
707,20-07-2023,7373,from RAMAN,900,Other
708,20-07-2023,7373,from amazon,325,Amazon
709,22-07-2023,7373,,-517,Other
710,22-07-2023,7373,LIC,-1073,Insurance
711,23-07-2023,1660,‚ö†Ô∏ècashback,7,CASHBACK
712,23-07-2023,7373,sunnyTATA PLAY,-100,Other
713,23-07-2023,7373,mummy,-200,Mummy
714,24-07-2023,7373,9409434932_,-10,Other
715,25-07-2023,7373,petrol 0303-Kirtan bike,-202,KIRTAN
716,25-07-2023,7373,send to jittam for cake,-400,Other
717,26-07-2023,1660,bipinkaka nandarkha,8500,Other
718,26-07-2023,7373,cantine,-40,Other
719,27-07-2023,8663,sem7,68943,Other
720,27-07-2023,8663,sem7,-79500,Other
721,28-07-2023,8663,kirtan fees clg,-30000,Fees
722,29-07-2023,7373,cantine,-40,Other
723,29-07-2023,7373,cantine,-60,Other
724,31-07-2023,7373,amazon deal refund,149,Top Deals
725,31-07-2023,7373,cashback,5,CASHBACK
726,31-07-2023,7373,kartik bhai,-20,Other
727,31-07-2023,7373,Amazon refund send to jittam,-224,Amazon
728,31-07-2023,7373,8469642157_,-479,Other
729,03-08-2023,8663,int,159,Interest
730,03-08-2023,7373,‚ö†Ô∏ècashback,6,CASHBACK
731,03-08-2023,7373,mummy recharge,-719,Recharge
732,05-08-2023,7373,-,43,Other
733,05-08-2023,7373,cantine,-30,Other
734,05-08-2023,7373,Amazon Empty deal,-449,Top Deals
735,06-08-2023,7373,train ticket ,-356.8,Travel
736,06-08-2023,7373,dmart,-610.5,Other
737,07-08-2023,7373,mummy ,2000,Mummy
738,07-08-2023,7373,cantine ,-20,Other
739,07-08-2023,7373,ELECTRICITY bill ,-613,Bills
740,07-08-2023,7373,ELECTRICITY bill ,-1251,Bills
741,08-08-2023,7373,hiral Patel ,10000,Other
742,08-08-2023,7373,7227018455_,-209,Other
743,08-08-2023,7373,kirti di gift ,-334,Other
744,09-08-2023,7373,ritesh mama vav,2000,Other
745,10-08-2023,7373,amazon deal refund,149,Top Deals
746,10-08-2023,7373,,149,Other
747,10-08-2023,8663,SMS charge,-0.24,Other
748,10-08-2023,8663,int7,-4378,Interest
749,11-08-2023,7373,bipinkaka nandarkha,6500,Other
750,11-08-2023,7373,,398,Other
751,11-08-2023,7373,mummy cover samsung a12,-150,Mummy
752,11-08-2023,7373,üöÜ ticket ,-156.8,Travel
753,11-08-2023,7373,mummy saree,-364,Mummy
754,12-08-2023,7373,kirtan,4400,KIRTAN
755,12-08-2023,7373,kirti di gift,-500,Other
756,13-08-2023,1660,rasmitabhabhi sent for send to samarth mandal,14600,Other
757,13-08-2023,7373,samarth mandal,-14600,Other
758,14-08-2023,7373,kirti di gift üéÅ returned ,334,Other
759,14-08-2023,7373,amazon ,-219,Amazon
760,15-08-2023,7373,‚ö†Ô∏ècashback,21,CASHBACK
761,15-08-2023,7373,‚ö†Ô∏ècashback,3,CASHBACK
762,15-08-2023,7373,9409434932_,-107,Other
763,15-08-2023,7373,gas cylinder,-1110,Bills
764,16-08-2023,7373,mummy saree return refund,364,Mummy
765,16-08-2023,7373,amazon deal refund,174,Top Deals
766,16-08-2023,7373,grocery ,-20,Other
767,16-08-2023,7373,petrol,-103,Other
768,17-08-2023,7373,hariom police recharge ,-155,Recharge
769,22-08-2023,7373,kirti di ticket ,-131.8,Travel
770,23-08-2023,7373,SELF TRANSFER ,23000,SELF TRANSFER
771,23-08-2023,8663,SMS charge,-0.47,Other
772,23-08-2023,7373,electric appliances ,-5000,Other
773,23-08-2023,1660,SELF TRANSFER ,-23000,SELF TRANSFER
774,24-08-2023,7373, to mummy via rasmitabhabhi ,-5000,Recharge
775,25-08-2023,7373,bipinkaka nandarkha ,8500,Other
776,25-08-2023,7373,rajan sent for food ,450,Food
777,25-08-2023,7373,food,-220,Food
778,30-08-2023,7373,amazon deal refund ,648,Top Deals
779,30-08-2023,7373,amazon deal  give to jittam ,-153,Top Deals
780,31-08-2023,7373,kirti di ticket cancel ,60,Travel
781,31-08-2023,7373,mummy ,-10000,Mummy
782,02-09-2023,7373,IELTS ,-16250,Other
783,03-09-2023,7373,food,-50,Food
784,08-09-2023,7373,amazon refund deal,1387,Top Deals
785,08-09-2023,1660,kirtan,-400,KIRTAN
786,08-09-2023,8663,int7,-4739,Interest
787,09-09-2023,7373,ritesh mama vav ,2000,Other
788,11-09-2023,7373,bipinkaka nandarkha ,6500,Other
789,11-09-2023,8663,,3,Other
790,11-09-2023,7373,amazon,-199,Amazon
791,11-09-2023,7373,IELTS reshedule ,-4100,Other
792,13-09-2023,7373,amazon refund deal,145,Top Deals
793,13-09-2023,7373,kirtan,-500,KIRTAN
794,13-09-2023,7373,to kirti di ,-713,Other
795,14-09-2023,8663,SMS charge,-0.71,Other
796,15-09-2023,7373,amazon deal refund ,319,Top Deals
797,15-09-2023,1660,DCARD ,-147.5,Other
798,16-09-2023,7373,amazon refund deal,669,Top Deals
799,21-09-2023,7373,9979353925 kirtan recharge ,-98,Recharge
800,21-09-2023,8663,ATM card,-236,Other
801,23-09-2023,7373,sunny tata play ,-200,Other
802,24-09-2023,7373,laptop repair kit ,-213,Other
803,25-09-2023,7373,amazon deal refund ,350,Top Deals
804,25-09-2023,7373,cancel laptop repair kit ,213,Other
805,25-09-2023,1660,int,34,Interest
806,25-09-2023,7373,8469642157 recharge ,-459,Recharge
807,26-09-2023,1660,sanjumama tighra,10001,Other
808,26-09-2023,7373,SIRISH KANTILAL PATEL,-5000,Other
809,26-09-2023,1660,SIRISH KANTILAL PATEL,-10000,Other
810,28-09-2023,8663,SMS charge,-0.24,Other
811,29-09-2023,8663,mummy ,5500,Mummy
812,30-09-2023,7373,Paytm cashback ,15,CASHBACK
813,01-10-2023,7373,amazon deal refund ,380,Top Deals
814,06-10-2023,7373,amazon deal refund ,1558,Top Deals
815,06-10-2023,7373,refund to jittam ,-784,Other
816,10-10-2023,7373,8469642157 recharge ,-58,Recharge
817,10-10-2023,8663,int7 ,-4586,Interest
818,11-10-2023,7373,ritesh mama vav ,2000,Other
819,14-10-2023,8663,DCARD ,-354,Other
820,15-10-2023,7373,amazon deal refund ,299,Top Deals
821,15-10-2023,7373,Amazon ,3,Amazon
822,15-10-2023,7373,Amazon ,-297,Amazon
823,16-10-2023,7373,to ritesh mama vav ,-1000,Other
824,17-10-2023,7373,electricity bill ,-708.53,Bills
825,17-10-2023,7373,electrycity bill,-1200.98,Bills
826,18-10-2023,7373,SELF TRANSFER  ,1000,SELF TRANSFER
827,18-10-2023,7373,kirtan,-20,KIRTAN
828,18-10-2023,7373,SELF TRANSFER  ,-1000,SELF TRANSFER
829,18-10-2023,8663,pocket,-1000,Other
830,18-10-2023,7373,rasmitabhabhi ,-3000,Other
831,20-10-2023,8663,7227018455 recharge ,-239,Recharge
832,21-10-2023,8663,from 4027 BOB via bob world ,20000,Recharge
833,22-10-2023,7373,kirtan tickets ,-126.8,Travel
834,23-10-2023,7373,AMAZON DEAL REFUND ,142,Top Deals
835,24-10-2023,7373,8469642157 recharge ,-58,Recharge
836,24-10-2023,7373,food,-60,Food
837,24-10-2023,7373,9409434932 recharge ,-94,Recharge
838,26-10-2023,7373,SELF TRANSFER  ,2000,SELF TRANSFER
839,26-10-2023,7373,SELF TRANSFER  ,-501,SELF TRANSFER
840,26-10-2023,8663,to 7373,-2000,Other
841,27-10-2023,7373,AMAZON DEAL REFUND ,425,Top Deals
842,28-10-2023,7373,bipinkaka nandarkha ,11000,Other
843,29-10-2023,7373,Rasmitabhabhi ,3000,Other
844,30-10-2023,7373,food,-40,Food
845,30-10-2023,7373,kirtan tickets ,-116.8,Travel
846,31-10-2023,7373,RAJAN,1000,Other
847,31-10-2023,7373,SELF TRANSFER,-2000,SELF TRANSFER
848,03-11-2023,7373,bhavu Tighara ,5400,Other
849,03-11-2023,8663,mummy withdraw cash,-10000,Mummy
850,04-11-2023,7373,Dhruvi Patel ( dhansukhkaka),55,Recharge
851,04-11-2023,7373,Dhruvi Patel ( dhansukhkaka),-1000,Recharge
852,05-11-2023,7373,water,-300,Other
853,06-11-2023,7373,SELF TRANSFER,-750,SELF TRANSFER
854,06-11-2023,7373,GAS CYLINDER ,-910,Bills
855,07-11-2023,7373,kirtan bike service ,-700,Recharge
856,09-11-2023,7373,Rajan,308,Other
857,10-11-2023,8663,ritesh mama vav ,3000,Other
858,10-11-2023,8663,,49,Other
859,10-11-2023,8663,int7,-4739,Interest
860,11-11-2023,7373,bipinkaka nandarkha ,6500,Other
861,12-11-2023,7373,cashback ,3,CASHBACK
862,12-11-2023,7373,recharge hariom police üöÇ,-155,Recharge
863,12-11-2023,7373,plumber ,-2600,Other
864,13-11-2023,7373,amazon deal refund ,919,Top Deals
865,16-11-2023,7373,SELF TRANSFER ,4000,SELF TRANSFER
866,16-11-2023,8663,to 7373,-4000,Other
867,18-11-2023,8663,from 4027,18184,Other
868,18-11-2023,7373,FIXED DEPOSIT ,17369,Deposit
869,18-11-2023,7373,mummy 1166 gold loan ,-42000,Mummy
870,19-11-2023,7373,sunnt tata play ,-200,Other
871,20-11-2023,7373,amazon deal refund ,89,Top Deals
872,21-11-2023,7373,CASHBACK ,4,CASHBACK
873,21-11-2023,8663,Jigo bhai talav Faliya ,-8000,Other
874,22-11-2023,8663,mummy ,-7000,Mummy
875,23-11-2023,7373,AMAZON deal refund ,400,Top Deals
876,23-11-2023,7373,SELF TRANSFER ,-700,SELF TRANSFER
877,26-11-2023,7373,amazon deal refund ,476,Top Deals
878,26-11-2023,7373,petrol,-202,Other
879,27-11-2023,7373,Bipinkaka nandarkha ,11000,Other
880,28-11-2023,7373,Mahesh bhai Tejash agro,-10000,Other
881,30-11-2023,7373,petrol ,-103,Other
882,30-11-2023,7373,Amazon üì¶,-239,Amazon
883,30-11-2023,7373,SELF TRANSFER ,-550,SELF TRANSFER
884,01-12-2023,7373,gold ü™ô loan ,159000,Other
885,01-12-2023,7373,bhavu Tighara ,1800,Other
886,01-12-2023,7373,mummy ,-500,Mummy
887,01-12-2023,7373,mummy ,-10000,Mummy
888,01-12-2023,7373,mummy ,-10000,Mummy
889,01-12-2023,7373,bhavu Tighara ,-99000,Other
890,02-12-2023,7373,amazon deal refund ,207,Top Deals
891,02-12-2023,7373,kashyap sir Navsari ,-30000,Other
892,04-12-2023,7373,amazon deal refund ,335,Top Deals
893,04-12-2023,7373,to jittam( bag refund),-335,Other
894,05-12-2023,7373,amazon deal product ,-1210,Top Deals
895,06-12-2023,7373,sanjay mama tighara,50001,Other
896,06-12-2023,7373,amazon deal refund ,151,Top Deals
897,06-12-2023,7373,cake üéÇ,-300,Other
898,07-12-2023,7373,hiral (welding work),10000,Other
899,07-12-2023,7373,gold ü™ô loan (mummy 1166),-60000,Mummy
900,08-12-2023,7373,cashback,24,CASHBACK
901,08-12-2023,7373,glass bottle ,-251,Other
902,08-12-2023,7373,electricity bill ,-529.22,Bills
903,08-12-2023,8663,int7,-4586,Interest
904,09-12-2023,7373,Amazon refund deal ,149,Top Deals
905,10-12-2023,7373,electricity bill ,-1080.9,Bills
906,12-12-2023,7373,bipinkaka nandarkha ,6500,Other
907,12-12-2023,7373,petrol,-250,Other
908,13-12-2023,7373,cashback on Flipkart glass bottles,20,CASHBACK
909,13-12-2023,8663,SMS CHARGE,-0.24,Other
910,13-12-2023,7373,sunny tata play,-200,Other
911,14-12-2023,7373,Ritesh mama vav ,1000,Other
912,14-12-2023,7373,Kirtan ,-500,KIRTAN
913,16-12-2023,7373,glass bottle amzon return refund,629,Other
914,16-12-2023,7373,Mummy ,-200,Mummy
915,16-12-2023,7373,mummy ,-200,Mummy
916,17-12-2023,7373,Amazon deal refund ,40,Top Deals
917,18-12-2023,8663,8469642157 recharge ,-479,Recharge
918,19-12-2023,7373,Amazon deal refund ,368,Top Deals
919,22-12-2023,8663,SMS CHARGE,-0.24,Other
920,22-12-2023,7373,9409434932,-94,Other
921,24-12-2023,7373,cashback ,3,CASHBACK
922,24-12-2023,7373,Mummy ,-150,Mummy
923,25-12-2023,7373,cashback ,14,CASHBACK
924,25-12-2023,1660,int,3,Interest
925,25-12-2023,1660,FK deal,-161,Top Deals
926,25-12-2023,7373,pintu mobile ,-7000,Interest
927,26-12-2023,8663,sem8,69200,Other
928,26-12-2023,8663,Mummy ,12000,Mummy
929,26-12-2023,8663,bhavu Tighara ,6300,Other
930,26-12-2023,8663,pintu mobile ,5000,Interest
931,26-12-2023,8663,sem8,-79800,Other
932,27-12-2023,7373,SELF TRANSFER,8000,SELF TRANSFER
933,27-12-2023,8663,to 7373,-8000,Other
934,27-12-2023,7373,IELTS,-16250,Other
935,28-12-2023,7373,Amzon deal refund,757,Top Deals
936,28-12-2023,7373,niki pancard,-106.9,Other
937,29-12-2023,7373,bipinkaka nandarkha ,11000,Other
938,29-12-2023,7373,FK deal,-166,Top Deals
939,29-12-2023,8663,Pintu mobile ,-5000,Interest
940,01-01-2024,7373,CASHBACK Flipkart Green tea ,30,CASHBACK
941,03-01-2024,7373,Other alkaben dungari ,1500,Other
942,03-01-2024,7373,Other pushpakaki light bill,-813.99,Bills
943,03-01-2024,7373,MUMMY withdraw ,-4000,Mummy
944,03-01-2024,7373,Top Deals ,-4995,Top Deals
945,04-01-2024,7373,Other pintu mobile,5000,Interest
946,04-01-2024,7373,Top Deals ,4995,Top Deals
947,04-01-2024,7373,MUMMY -,1000,Mummy
948,04-01-2024,7373,Top Deals cable,-339,Top Deals
949,04-01-2024,7373,Other Gayatri sakhi mandal,-4500,Other
950,04-01-2024,7373,Other Gayatri sakhi mandal,-5000,Other
951,05-01-2024,7373,Top Deals ,-193,Top Deals
952,05-01-2024,7373,KIRTAN ,-1000,KIRTAN
953,05-01-2024,7373,Other pintu mobile ,-4000,Interest
954,06-01-2024,7373,Top Deals ,600,Top Deals
955,06-01-2024,7373,Other sunny tata play ,-200,Other
956,07-01-2024,7373,MUMMY via radhu fui,9000,Recharge
957,07-01-2024,7373,Other Ritesh mama vav ,2000,Other
958,07-01-2024,7373,SELF TRANSFER ,-5500,SELF TRANSFER
959,08-01-2024,8663,from 7373,5500,Other
960,08-01-2024,7373,Other petrol ,-202,Other
961,10-01-2024,7373,Other bipinkaka nandarkha,6500,Other
962,10-01-2024,8663,int8 int8,-5055,Interest
963,12-01-2024,7373,MUMMY ,4000,Mummy
964,12-01-2024,7373,Other petrol,-203,Other
965,14-01-2024,7373,Top Deals ,1028,Top Deals
966,16-01-2024,7373,HIGHER STUDY TMU application form processing charge,-3300,Insurance
967,16-01-2024,7373,HIGHER STUDY TMU application form fee,-8230,Fees
968,17-01-2024,7373,KIRTAN ,5000,KIRTAN
969,18-01-2024,7373,KIRTAN ,15000,KIRTAN
970,18-01-2024,7373,Other rasmita bhabhi,4290,Other
971,18-01-2024,7373,CASHBACK ,11,CASHBACK
972,18-01-2024,7373,FK ,-339,FK
973,19-01-2024,1660,SELF TRANSFER ,8300,SELF TRANSFER
974,19-01-2024,1660,MUMMY ,-8000,Mummy
975,19-01-2024,7373,SELF TRANSFER ,-8300,SELF TRANSFER
976,19-01-2024,7373,Top Deals ,-9990,Top Deals
977,19-01-2024,7373,Top Deals ,-9990,Top Deals
978,20-01-2024,7373,MUMMY ,200,Mummy
979,20-01-2024,7373,KIRTAN passport,-1500,KIRTAN
980,23-01-2024,1660,Top Deals ,9990,Top Deals
981,23-01-2024,7373,Top Deals ,9990,Top Deals
982,23-01-2024,7373,Top Deals ,234,Top Deals
983,23-01-2024,7373,Other LIC,-517,Insurance
984,23-01-2024,7373,Other LIC,-1073,Insurance
985,24-01-2024,7373,Top Deals ,199,Top Deals
986,24-01-2024,7373,KIRTAN ,-500,KIRTAN
987,24-01-2024,7373,KIRTAN ,-500,KIRTAN
988,25-01-2024,7373,Other mysy,50000,Other
989,25-01-2024,7373,Top Deals ,329,Top Deals
990,25-01-2024,7373,ME 9409434932,-89,ME
991,26-01-2024,7373,Top Deals ,327,Top Deals
992,26-01-2024,7373,Top Deals second payment,161,Top Deals
993,26-01-2024,7373,CASHBACK ,15,CASHBACK
994,26-01-2024,7373,Top Deals returned second payment ,-161,Top Deals
995,26-01-2024,7373,MUMMY saree,-650,Mummy
996,26-01-2024,7373,MUMMY saree,-800,Mummy
997,27-01-2024,8663,SELF TRANSFER ,4200,SELF TRANSFER
998,27-01-2024,8663,Other sms charge,-0.24,Other
999,27-01-2024,7373,MUMMY chaniya choli ,-2650,Mummy
1000,27-01-2024,7373,Other rasmita bhabhi ,-3500,Other
1001,27-01-2024,7373,SELF TRANSFER ,-4200,SELF TRANSFER
1002,27-01-2024,7373,KIRTAN hostel fees,-21000,Fees
1003,28-01-2024,7373,Top Deals ,2800,Top Deals
1004,29-01-2024,7373,Top Deals ,374,Top Deals
1005,29-01-2024,7373,Other hariom police recharge ,-145,Recharge
1006,29-01-2024,7373,Top Deals ,-325,Top Deals
1007,30-01-2024,7373,FK mummy,-237,FK
1008,30-01-2024,7373,FK mummy,-439,FK
1009,31-01-2024,7373,Top Deals ,545,Top Deals
1010,01-02-2024,7373,SELF TRANSFER ,9563,SELF TRANSFER
1011,01-02-2024,7373,Top Deals ,-198,Top Deals
1012,01-02-2024,7373,Top Deals ,-410,Top Deals
1013,01-02-2024,1660,SELF TRANSFER ,-9563,SELF TRANSFER
1014,01-02-2024,7373,Other Bhumikaki,-35000,Other
1015,02-02-2024,8663,Other unknown,36,Other
1016,03-02-2024,7373,SELF TRANSFER ,4500,SELF TRANSFER
1017,03-02-2024,7373,FK ,439,FK
1018,03-02-2024,7373,Top Deals cancel order,311,Top Deals
1019,03-02-2024,7373,Top Deals ,269,Top Deals
1020,03-02-2024,7373,CASHBACK gpay,14,CASHBACK
1021,03-02-2024,7373,Top Deals ,-258,Top Deals
1022,03-02-2024,7373,Top Deals ,-311,Top Deals
1023,03-02-2024,8663,SELF TRANSFER ,-4500,SELF TRANSFER
1024,03-02-2024,7373,Other someone's loan EMI ,-6500,ME
1025,04-02-2024,7373,Top Deals twise payment returned for a deal,-199,Top Deals
1026,05-02-2024,7373,MUMMY ,10000,Mummy
1027,05-02-2024,8663,MUMMY ,5000,Mummy
1028,05-02-2024,7373,Other unknown,98,Other
1029,05-02-2024,1660,Bills 5417007323,-328.96,Bills
1030,05-02-2024,7373,Amazon mosquito net,-499,Amazon
1031,06-02-2024,7373,FK refund of returned product,237,FK
1032,08-02-2024,7373,Biils gas,-885,Bills
1033,09-02-2024,7373,Other Ritesh mama vav ,2000,Other
1034,09-02-2024,7373,Top Deals ,-473,Top Deals
1035,09-02-2024,8663,int8 ,-5386,Interest
1036,10-02-2024,8663,Other sms charge,-0.71,Other
1037,11-02-2024,8663,MUMMY ,26500,Mummy
1038,11-02-2024,7373,Top Deals ,350,Top Deals
1039,11-02-2024,7373,Top Deals ,235,Top Deals
1040,12-02-2024,7373,Other 8469642157,-458,Other
1041,13-02-2024,7373,SELF TRANSFER ,27000,SELF TRANSFER
1042,13-02-2024,7373,Other bipinkaka nandarkha,6500,Other
1043,13-02-2024,8663,SELF TRANSFER ,-27000,SELF TRANSFER
1044,14-02-2024,7373,MUMMY ,8000,Mummy
1045,14-02-2024,7373,Other bhavu mama ,6300,Other
1046,14-02-2024,7373,Top Deals cancelled order ,410,Top Deals
1047,14-02-2024,7373,MUMMY  via pintu mobile ,-4000,Recharge
1048,14-02-2024,7373,Other gold loan,-51852,Other
1049,16-02-2024,7373,Other policy bazar ,-2471,Insurance
1050,17-02-2024,7373,Top Deals ,849,Top Deals
1051,17-02-2024,7373,Other Mahesh kaka talav faliya,500,Other
1052,17-02-2024,7373,Other hariom police ,-146,Insurance
1053,17-02-2024,7373,Bills ,-895.56,Bills
1054,19-02-2024,7373,KIRTAN ,20000,KIRTAN
1055,20-02-2024,7373,Other DG sea connect,-2250,Other
1056,22-02-2024,7373,Top Deals ,229,Top Deals
1057,22-02-2024,7373,Other US admission process ,-11800,Other
1058,27-02-2024,7373,Other pintu mobile ,5000,Interest
1059,27-02-2024,7373,Other home via yatin chachu,5000,Recharge
1060,27-02-2024,7373,MUMMY ,2500,Mummy
1061,27-02-2024,7373,ME ,-88,ME
1062,27-02-2024,7373,Other manju ba talav faliya ,-169,Other
1063,28-02-2024,7373,Other bipinkaka nandarkha ,11000,Other
1064,28-02-2024,7373,Other pintu mobile,-5000,Interest
1065,28-02-2024,7373,HIGHER STUDY NEU application fees,-9118,Fees
1066,29-02-2024,7373,KIRTAN ,-300,KIRTAN
1067,01-03-2024,7373,Other bhumi kaki ,1050,Other
1068,01-03-2024,7373,CASHBACK ,13,CASHBACK
1069,01-03-2024,7373,Top Deals ,-200,Top Deals
1070,01-03-2024,7373,GPAY LITE Top Deal,-500,Top Deals
1071,02-03-2024,7373,HIGHER STUDY TMU application fee,8230,Fees
1072,02-03-2024,7373,Top Deals ,235,Top Deals
1073,03-03-2024,7373,Top Deals ,499,Top Deals
1074,04-03-2024,8663,SELF TRANSFER ,5500,SELF TRANSFER
1075,04-03-2024,7373,SELF TRANSFER ,-5500,SELF TRANSFER
1076,05-03-2024,7373,Other Bhavu mama,6000,Other
1077,05-03-2024,7373,SELF TRANSFER ,3000,SELF TRANSFER
1078,05-03-2024,8663,Other sms charge,-0.24,Other
1079,05-03-2024,8663,Other kirti di ,-416.8,Other
1080,05-03-2024,8663,SELF TRANSFER ,-3000,SELF TRANSFER
1081,05-03-2024,7373,Other raman chacha via 9825845519,-29100,Recharge
1082,06-03-2024,8663,Other smit,5000,Other
1083,06-03-2024,7373,SELF TRANSFER ,1600,SELF TRANSFER
1084,06-03-2024,7373,Top Deals ,-199,Top Deals
1085,06-03-2024,7373,KIRTAN ,-300,KIRTAN
1086,06-03-2024,7373,Bills ,-906,Bills
1087,06-03-2024,8663,SELF TRANSFER ,-1600,SELF TRANSFER
1088,07-03-2024,8663,MUMMY ,140000,Mummy
1089,07-03-2024,8663,MUMMY ,80000,Mummy
1090,07-03-2024,8663,int8 ,-5038,Interest
1091,08-03-2024,7373,Top Deals ,473,Top Deals
1092,08-03-2024,7373,KIRTAN ,-200,KIRTAN
1093,09-03-2024,7373,Top Deals ,297,Top Deals
1094,09-03-2024,1660,Other hariom police ,-106.9,Insurance
1095,09-03-2024,7373,Other hariom police ,-150,Insurance
1096,11-03-2024,7373,MUMMY ,14500,Mummy
1097,11-03-2024,7373,Other Ritesh mama vav ,2000,Other
1098,11-03-2024,7373,Other smit,-5000,Other
1099,12-03-2024,7373,Other Rasmita bhabhi,9380,Other
1100,12-03-2024,7373,Other GAYTRI SAKHI MANDAL LOAN ACCOUNT ,-4000,Other
1101,12-03-2024,8663,MUMMY ,-100000,Mummy
1102,13-03-2024,7373,Other Kashyap sir navsari ,32700,Other
1103,13-03-2024,7373,Other maheshkaka talav faliya ,500,Other
1104,14-03-2024,7373,Top Deals Raman,-498,Top Deals
1105,14-03-2024,7373,Top Deals ,-9990,Top Deals
1106,15-03-2024,7373,Top Deals watch,-392,Top Deals
1107,16-03-2024,7373,Top Deals ,9990,Top Deals
1108,16-03-2024,7373,Top Deals ,1400,Top Deals
1109,17-03-2024,7373,ME ,-88,ME
1110,19-03-2024,7373,Other hariom police,-150,Insurance
1111,20-03-2024,7373,KIRTAN ,-7500,KIRTAN
1112,20-03-2024,7373,Other shyam ,-30000,Other
1113,22-03-2024,7373,Top Deals ,-296,Top Deals
1114,22-03-2024,7373,Top Deals ,-335,Top Deals
1115,22-03-2024,7373,KIRTAN ,-500,KIRTAN
1116,23-03-2024,7373,Other bipinkaka nandarkha ,17500,Other
1117,24-03-2024,8663,Other cancel ticket kirti,225,Travel
1118,24-03-2024,8663,HIGHER STUDY NEU deposit,-8635.29,Deposit
1119,25-03-2024,1660, ,10,Other
1120,25-03-2024,7373,Other renew pancard,-106.9,Other
1121,26-03-2024,7373,Other renew pancard,106.9,Other
1122,26-03-2024,7373,Other renew pancard,-106.9,Other
1123,28-03-2024,8663,MUMMY 10390 SBI,-50000,Mummy
1124,29-03-2024,7373,Top Deals ,-621.9,Top Deals
1125,29-03-2024,8663,MUMMY ,-2000,Mummy
1126,29-03-2024,7373,MUMMY via nimesh c Gandhi ,-13000,Recharge
1127,30-03-2024,7373,HIGHER STUDY ,3300,Education
1128,30-03-2024,7373,Other 9099467525 recharge ,-130,Recharge
1129,31-03-2024,8663,MUMMY ,-5000,Mummy
1130,01-04-2024,7373,Other Bhumi kaki,1050,Other
1131,01-04-2024,8663,MUMMY 10390 SBI,-20000,Mummy
1132,02-04-2024,7373,HOTEL REVIEW  ,210,Recharge
1133,02-04-2024,7373,Amazon mosquito net,-819.47,Amazon
1134,02-04-2024,7373,Top Deals ,-880,Top Deals
1135,02-04-2024,7373,Other dyan school fees,-1775,Fees
1136,02-04-2024,7373,Other yashvi school fess,-3550,Recharge
1137,02-04-2024,8663,MUMMY ,-10000,Mummy
1138,02-04-2024,8663,MUMMY ,-15000,Mummy
1139,03-04-2024,7373,HOTEL REVIEW ,4300,Recharge
1140,03-04-2024,7373,HOTEL REVIEW ,1500,Recharge
1141,03-04-2024,7373,Other niruba recharge ,-450,Recharge
1142,03-04-2024,7373,HOTEL REVIEW ,-1000,Recharge
1143,03-04-2024,7373,HOTEL REVIEW ,-3000,Recharge
1144,03-04-2024,7373,HOTEL REVIEW ,-7000,Recharge
1145,04-04-2024,1660,MUMMY ,20000,Mummy
1146,04-04-2024,1660,MUMMY ,19000,Mummy
1147,04-04-2024,1660,SELF TRANSFER ,4000,SELF TRANSFER
1148,04-04-2024,7373,MUMMY ,-3000,Mummy
1149,04-04-2024,8663,SELF TRANSFER ,-4000,SELF TRANSFER
1150,04-04-2024,1660,Other bhumi kaki,-40000,Other
1151,05-04-2024,7373,ME ,4,ME
1152,05-04-2024,7373,ME ,-4,ME
1153,05-04-2024,1660,ME ,-10,ME
1154,05-04-2024,1660,ME ,-98,ME
1155,05-04-2024,1660,Other sunny,-200,Other
1156,06-04-2024,7373,Other bhumi kaki,-3000,Other
1157,08-04-2024,7373,Other rasmita bhabhi ,6000,Other
1158,08-04-2024,8663,SELF TRANSFER ,5700,SELF TRANSFER
1159,08-04-2024,7373,Other 8469642157,-474,Other
1160,08-04-2024,1660,KIRTAN ,-3000,KIRTAN
1161,08-04-2024,7373,SELF TRANSFER ,-5700,SELF TRANSFER
1162,08-04-2024,8663,Other rasmita bhabhi,-6000,Other
1163,09-04-2024,1660,Other Ritesh mama vav ,2000,Other
1164,10-04-2024,1660,Top Deals ,-378,Top Deals
1165,10-04-2024,8663,int8 ,-5386,Interest
1166,12-04-2024,1660,GPAY LITE ,1273.72,GPAY LITE
1167,12-04-2024,1660,Top Deals ,499,Top Deals
1168,12-04-2024,1660,Bills ,-1273.72,Bills
1169,12-04-2024,1660,GPAY LITE ,-1283.72,GPAY LITE
1170,14-04-2024,7373,Other 6352975900 recharge ,-234,Recharge
1171,14-04-2024,7373,Top Deals ,-449,Top Deals
1172,15-04-2024,7373,MUMMY ,10000,Mummy
1173,15-04-2024,7373,Other tinu fui,-1350,Other
1174,15-04-2024,7373,Other tinu fui,-1500,Other
1175,16-04-2024,7373,Other Hariom police,-150,Insurance
1176,16-04-2024,7373,Top Deals ,-535,Top Deals
1177,17-04-2024,7373,Top Deals ,-182,Top Deals
1178,18-04-2024,8663,MUMMY gold √∞≈∏¬™‚Ñ¢ loan sunny,206000,Mummy
1179,18-04-2024,7373,Other tinu fui,-1000,Other
1180,18-04-2024,7373,Other tinu fui,-1000,Other
1181,18-04-2024,7373,Other tinu fui,-1000,Other
1182,18-04-2024,7373,Other smit ,-2000,Other
1183,18-04-2024,8663,MUMMY ,-40000,Mummy
1184,18-04-2024,8663,MUMMY gold √∞≈∏¬™‚Ñ¢ loan ,-130000,Mummy
1185,19-04-2024,8663,Other ,60000,Other
1186,19-04-2024,7373,SELF TRANSFER ,22000,SELF TRANSFER
1187,19-04-2024,1660,CASHBACK ,26,CASHBACK
1188,19-04-2024,7373,Top Deals ,-499,Top Deals
1189,19-04-2024,8663,SELF TRANSFER ,-22000,SELF TRANSFER
1190,19-04-2024,7373,MUMMY ,-22000,Mummy
1191,22-04-2024,7373,SELF TRANSFER ,65000,SELF TRANSFER
1192,22-04-2024,7373,MUMMY ,10000,Mummy
1193,22-04-2024,7373,MUMMY ,10000,Mummy
1194,22-04-2024,7373,MUMMY ,5000,Mummy
1195,22-04-2024,8663,SELF TRANSFER ,-65000,SELF TRANSFER
1196,22-04-2024,7373,MUMMY gold √∞≈∏¬™‚Ñ¢ loan ,-71484,Mummy
1197,23-04-2024,8663,SELF TRANSFER ,10000,SELF TRANSFER
1198,23-04-2024,7373,SELF TRANSFER ,-10000,SELF TRANSFER
1199,23-04-2024,8663,HIGHER STUDY ,-15540,Education
1200,24-04-2024,7373,ME ,-402.78,ME
1201,25-04-2024,7373,KIRTAN ,-395,KIRTAN
1202,25-04-2024,7373,Other ITR 23-24,-800,Other
1203,26-04-2024,1660,Top Deals ,392,Top Deals
1204,26-04-2024,7373,Top Deals ,60,Top Deals
1205,27-04-2024,1660,Top Deals ,60,Top Deals
1206,27-04-2024,1660,Top Deals ,-699,Top Deals
1207,30-04-2024,8663,ME sa12,-4000,ME
1208,30-04-2024,7373,ME sa12,-8500,ME
1209,01-05-2024,1660,MUMMY bhumikaki,2550,Mummy
1210,01-05-2024,7373,Top Deals int,631,Top Deals
1211,01-05-2024,8663,Other int,285,Interest
1212,01-05-2024,7373,Top Deals ,79,Top Deals
1213,01-05-2024,1660,Top Deals ,-429,Top Deals
1214,02-05-2024,8663,MUMMY ,5500,Mummy
1215,02-05-2024,1660,Top Deals ,204,Top Deals
1216,02-05-2024,1660,Top Deals ,-440,Top Deals
1217,03-05-2024,7373,Other ,92,Other
1218,03-05-2024,7373,Top Deals ,-109,Top Deals
1219,04-05-2024,1660,MUMMY via smit patel,360,Recharge
1220,06-05-2024,1660,MUMMY mahesh kaka,5000,Mummy
1221,06-05-2024,7373,MUMMY ritesh mama vav,2000,Mummy
1222,06-05-2024,1660,Top Deals ,50,Top Deals
1223,06-05-2024,7373,Top Deals ,50,Top Deals
1224,06-05-2024,1660,Other manju ba ,-174,Other
1225,07-05-2024,7373,Other Jittam's Duopods refund,800,Other
1226,07-05-2024,7373,Other Jittam's Duopods refund,-800,Other
1227,08-05-2024,7373,Other pintu,21000,Interest
1228,08-05-2024,7373,MUMMY ,8800,Mummy
1229,08-05-2024,7373,SELF TRANSFER ,7500,SELF TRANSFER
1230,08-05-2024,1660,SELF TRANSFER ,-7500,SELF TRANSFER
1231,08-05-2024,7373,HIGHER STUDY Edu Loan,-40000,Education
1232,10-05-2024,8663,int8 ,-5212.47,Interest
1233,11-05-2024,7373,Other sunny recharge ,-414,Recharge
1234,13-05-2024,7373,Other Raman,30000,Other
1235,13-05-2024,7373,MUMMY atin chachu,10000,Mummy
1236,13-05-2024,7373,Top Deals ,705,Top Deals
1237,13-05-2024,7373,Top Deals ,465,Top Deals
1238,13-05-2024,7373,HIGHER STUDY ,-40000,Education
1239,14-05-2024,7373,MUMMY gold loan ,120000,Mummy
1240,14-05-2024,7373,MUMMY rasmita bhabhi ,3990,Mummy
1241,14-05-2024,7373,MUMMY ,-5000,Mummy
1242,14-05-2024,7373,Other Pintu mobile ,-21000,Interest
1243,14-05-2024,7373,Other Raman,-30000,Other
1244,15-05-2024,7373,Top Deals ,749,Top Deals
1245,15-05-2024,7373,Top Deals ,498,Top Deals
1246,15-05-2024,7373,CASHBACK ,11,CASHBACK
1247,15-05-2024,7373,Top Deals ,-407,Top Deals
1248,16-05-2024,7373,MUMMY Mahesh kaka ,500,Mummy
1249,16-05-2024,7373,KIRTAN ,-1000,KIRTAN
1250,18-05-2024,7373,Other sunny tata play ,-200,Other
1251,18-05-2024,7373,Other gundiya recharge ,-232,Recharge
1252,18-05-2024,7373,Transport ,-446.8,Transport
1253,18-05-2024,7373,Top Deals ,-649,Top Deals
1254,18-05-2024,7373,FK ,-661,FK
1255,19-05-2024,7373,Other fastage,-500,Other
1256,20-05-2024,7373,Top Deals ,940,Top Deals
1257,20-05-2024,7373,Top Deals ,500,Top Deals
1258,20-05-2024,7373,Top Deals ,148,Top Deals
1259,20-05-2024,8663,Other sms charge,-0.94,Other
1260,20-05-2024,7373,Food ,-120,Food
1261,20-05-2024,7373,HIGHER STUDY transcript ,-1000,Education
1262,21-05-2024,8663,SELF TRANSFER ,66500,SELF TRANSFER
1263,21-05-2024,7373,MUMMY via shyam,1500,Recharge
1264,21-05-2024,7373,Other 8780823459  recharge,-239,Recharge
1265,21-05-2024,7373,FK mummy dress,-507,FK
1266,21-05-2024,7373,SELF TRANSFER ,-66500,SELF TRANSFER
1267,22-05-2024,7373,MUMMY via pintu mobile,13000,Recharge
1268,22-05-2024,7373,ME ,-5,ME
1269,22-05-2024,7373,MUMMY ,-395,Mummy
1270,23-05-2024,7373,MUMMY via sanjumama,20000,Recharge
1271,23-05-2024,8663,SELF TRANSFER ,13000,SELF TRANSFER
1272,23-05-2024,8663,SELF TRANSFER ,500,SELF TRANSFER
1273,23-05-2024,7373,FK ,221,FK
1274,23-05-2024,7373,MUMMY ,-200,Mummy
1275,23-05-2024,7373,MUMMY 0390 SBI,-500,Mummy
1276,23-05-2024,7373,SELF TRANSFER ,-500,SELF TRANSFER
1277,23-05-2024,8663,MUMMY ITR,-1600,Mummy
1278,23-05-2024,7373,SELF TRANSFER ,-13000,SELF TRANSFER
1279,23-05-2024,7373,MUMMY ,-20000,Mummy
1280,23-05-2024,8663,HIGHER STUDY ,-48675,Education
1281,24-05-2024,7373,Top Deals ,758,Top Deals
1282,24-05-2024,7373,Food ,-110,Food
1283,25-05-2024,7373,Top Deals ,479,Top Deals
1284,25-05-2024,8663,HIGHER STUDY ,-30177.18,Education
1285,27-05-2024,7373,CASHBACK ,26,CASHBACK
1286,27-05-2024,7373,Top Deals ,-200,Top Deals
1287,28-05-2024,7373,KIRTAN ,35000,KIRTAN
1288,28-05-2024,7373,MUMMY ,-35000,Mummy
1289,30-05-2024,7373,Transport ,435,Transport
1290,30-05-2024,8663,Other ,-1.18,Other
1291,31-05-2024,7373,Top Deals ,270,Top Deals
1292,31-05-2024,7373,Bills gas cylinder √¢‚Ä∫¬Ω,-810,Bills
1293,31-05-2024,7373,Other hariom police ,-1000,Insurance
1294,01-06-2024,7373,MUMMY bhumi kaki ,2550,Mummy
1295,01-06-2024,1660,Transport petrol,-150,Transport
1296,02-06-2024,7373,Top Deals ,1188,Top Deals
1297,02-06-2024,7373,Other chinta bhai gundiya ,-729,Interest
1298,03-06-2024,7373,Top Deals ,466,Top Deals
1299,03-06-2024,7373,Bills electricity bill,-299.21,Bills
1300,03-06-2024,7373,Bills 8469642157,-459,Bills
1301,03-06-2024,7373,Bills home ,-840,Bills
1302,03-06-2024,7373,Bills electricity bill,-981.5,Bills
1303,04-06-2024,7373,Top Deals ,-254,Top Deals
1304,05-06-2024,7373,SELF TRANSFER ,-149,SELF TRANSFER
1305,06-06-2024,8663,MUMMY ,5500,Mummy
1306,09-06-2024,7373,Other Ritesh mama vav,2000,Other
1307,10-06-2024,8663,int8 ,-5386,Interest
1308,13-06-2024,7373,Top Deals ,1321,Top Deals
1309,14-06-2024,8663,MUMMY ,23500,Mummy
1310,15-06-2024,7373,MUMMY smit,-1000,Mummy
1311,16-06-2024,8663,MUMMY pragneshbhai ram ram ,-5000,Mummy
1312,19-06-2024,7373,MUMMY via yatin chachu,10000,Recharge
1313,19-06-2024,7373,MUMMY ,-2600,Mummy
1314,19-06-2024,7373,MUMMY ,-7000,Mummy
1315,19-06-2024,8663,MUMMY ,-18400,Mummy
1316,20-06-2024,8663,MUMMY valsad sramjivi school,50000,Recharge
1317,20-06-2024,7373,Top Deals ,559,Top Deals
1318,21-06-2024,8663,MUMMY fixed deposit,72000,Deposit
1319,29-06-2024,8663,MUMMY ,10000,Mummy
1320,29-06-2024,7373,MUMMY ,-3500,Mummy
1321,29-06-2024,8663,MUMMY ,-50000,Mummy
1322,01-07-2024,1660,SELF TRANSFER ,81000,SELF TRANSFER
1323,01-07-2024,1660,MUMMY ,64000,Mummy
1324,01-07-2024,1660,MUMMY ,2550,Mummy
1325,01-07-2024,1660,SELF TRANSFER ,1000,SELF TRANSFER
1326,01-07-2024,1660,Other ,7,Other
1327,01-07-2024,8663,SELF TRANSFER ,-1000,SELF TRANSFER
1328,01-07-2024,1660,MUMMY ,-5000,Mummy
1329,01-07-2024,8663,SELF TRANSFER ,-81000,SELF TRANSFER
1330,02-07-2024,7373,SELF TRANSFER ,1500,SELF TRANSFER
1331,02-07-2024,7373,KIRTAN ,-729,KIRTAN
1332,02-07-2024,1660,SELF TRANSFER ,-1500,SELF TRANSFER
1333,02-07-2024,1660,HIGHER STUDY ,-140462.06,Education
1334,03-07-2024,1660,Other pratham rathod,165000,Other
1335,03-07-2024,7373,Other sunny,-459,Other
1336,03-07-2024,1660,Other pratham rathod,-165000,Other
1337,04-07-2024,7373,SELF TRANSFER ,800,SELF TRANSFER
1338,04-07-2024,1660,SELF TRANSFER ,-800,SELF TRANSFER
1339,04-07-2024,7373,Bills gas cylinder,-810,Bills
1340,05-07-2024,8663,MUMMY ,30000,Mummy
1341,05-07-2024,8663,MUMMY ,-2000,Mummy
1342,06-07-2024,7373,Top Deals ,238,Top Deals
